Workbook

Sheet read_me
A1: year | B1: variable | C1: granularity | D1: granularity_category | E1: periodicity | F1: source | G1: unity
A2: 2001 | B2: non-resident deposits | C2: yes | D2: old | E2: quartely | F2: cbuae_statistical_bulletin | G2: millions_of_aed
A3: 2002 | B3: non-resident deposits | C3: yes | D3: old | E3: quartely | F3: cbuae_statistical_bulletin | G3: millions_of_aed
A4: 2003 | B4: non-resident deposits | C4: yes | D4: old | E4: quartely | F4: cbuae_statistical_bulletin | G4: millions_of_aed
A5: 2004 | B5: non-resident deposits | C5: yes | D5: old | E5: quartely | F5: cbuae_statistical_bulletin | G5: millions_of_aed
A6: 2005 | B6: non-resident deposits | C6: yes | D6: old | E6: quartely | F6: cbuae_statistical_bulletin | G6: millions_of_aed
A7: 2006 | B7: non-resident deposits | C7: yes | D7: old | E7: quartely | F7: cbuae_statistical_bulletin | G7: millions_of_aed
A8: 2007 | B8: non-resident deposits | C8: yes | D8: old | E8: quartely | F8: cbuae_statistical_bulletin | G8: millions_of_aed
A9: 2008 | B9: non-resident deposits | C9: yes | D9: old | E9: quartely | F9: cbuae_statistical_bulletin | G9: millions_of_aed
A10: 2009 | B10: non-resident deposits | C10: yes | D10: old | E10: yearly | F10: cbuae_annual_report | G10: millions_of_aed
A11: 2010 | B11: non-resident deposits | C11: yes | D11: old | E11: yearly | F11: cbuae_annual_report | G11: millions_of_aed
A12: 2011 | B12: non-resident deposits | C12: yes | D12: old | E12: yearly | F12: cbuae_annual_report | G12: millions_of_aed
A13: 2012 | B13: non-resident deposits | C13: yes | D13: old | E13: yearly | F13: cbuae_annual_report | G13: millions_of_aed
... A25: 2024 | B25: non-resident deposits | C25: yes | D25: new | E25: monthly-6 | F25: cbuae_statistical_bulletin | G25: millions_of_aed

Sheet new_category
B3: Table 30 : Deposits distributed Residents / Non Residents ( All Banks ) 1
B5: (In Millions of AED)
B6: month | E6: 12 | F6: 12 | G6: 12 | H6: 3 | I6: 6 | J6: 9 | K6: 12 | L6: 3 | M6: 6 | N6: 9 | O6: 11 | P6: 12 | Q6: 1 | R6: 3 | S6: 4 | T6: 5 | U6: 6 | V6: 7 | W6: 8 | X6: 9 | Y6: 10 | Z6: 11 | AA6: 12 | AB6: 1 | AC6: 2 | AD6: 3 | AE6: 4 | AF6: 5 | AG6: 6 | AH6: 7 | AI6: 8 | AJ6: 9 | AK6: 10 | AL6: 11 | AM6: 12 | AN6: 1 | AO6: 2 | AP6: 3 | AQ6: 4 | AR6: 5 | AS6: 6 | AT6: 7 | AU6: 8 | AV6: 9 | AW6: 10 | AX6: 11 | AY6: 12 | AZ6: 1 | BA6: 2 | BB6: 3 | BC6: 4 | BD6: 5 | BE6: 6 | BF6: 7 | BG6: 8 | BH6: 9 | BI6: 10 | BJ6: 11 | BK6: 12 | BL6: 1 | BM6: 2 | BN6: 3 | BO6: 4 | BP6: 5 | BQ6: 6
B7: year | E7: 2015 | F7: 2016 | G7: 2017 | H7: 2018 | I7: 2018 | J7: 2018 | K7: 2018 | L7: 2019 | M7: 2019 | N7: 2019 | O7: 2019 | P7: 2019 | Q7: 2020 | R7: 2020 | S7: 2020 | T7: 2020 | U7: 2020 | V7: 2020 | W7: 2020 | X7: 2020 | Y7: 2020 | Z7: 2020 | AA7: 2020 | AB7: 2021 | AC7: 2021 | AD7: 2021 | AE7: 2021 | AF7: 2021 | AG7: 2021 | AH7: 2021 | AI7: 2021 | AJ7: 2021 | AK7: 2021 | AL7: 2021 | AM7: 2021 | AN7: 2022 | AO7: 2022 | AP7: 2022 | AQ7: 2022 | AR7: 2022 | AS7: 2022 | AT7: 2022 | AU7: 2022 | AV7: 2022 | AW7: 2022 | AX7: 2022 | AY7: 2022 | AZ7: 2023 | BA7: 2023 | BB7: 2023 | BC7: 2023 | BD7: 2023 | BE7: 2023 | BF7: 2023 | BG7: 2023 | BH7: 2023 | BI7: 2023 | BJ7: 2023 | BK7: 2023 | BL7: 2024 | BM7: 2024 | BN7: 2024 | BO7: 2024 | BP7: 2024 | BQ7: 2024
B8: Item | E8: Dec 2015 | F8: Dec 2016 | G8: Dec 2017 | H8: Mar 2018 | I8: Jun 2018 | J8: Sep 2018 | K8: Dec 2018 | L8: 43525 | M8: Jun 2019 | N8: Sep 2019 | O8: Nov 2019 | P8: Dec 2019 | Q8: Jan 2020* | R8: Mar 2020 | S8: Apr 2020 | T8: May 2020 | U8: Jun 2020 | V8: Jul 2020 | W8: Aug 2020 | X8: Sep 2020 | Y8: Oct 2020 | Z8: Nov 2020 | AA8: Dec 2020 | AB8: Jan 2021 | AC8: Feb 2021 | AD8: Mar 2021 | AE8: Apr 2021 | AF8: May 2021 | AG8: Jun 2021 | AH8: Jul 2021 | AI8: Aug 2021 | AJ8: Sep 2021 | AK8: Oct 2021 | AL8: Nov 2021 | AM8: Dec 2021 | AN8: Jan 2022 | AO8: Feb 2022 | AP8: Mar 2022 | AQ8: Apr 2022 | AR8: May 2022 | AS8: Jun 2022 | AT8: Jul 2022 | AU8: Aug 2022 | AV8: Sep 2022 | AW8: Oct 2022 | AX8: Nov 2022 | AY8: Dec 2022 | AZ8: Feb 2023 | BA8: Jan 2023 | BB8: Mar 2023 | BC8: Apr 2023 | BD8: May 2023 | BE8: Jun 2023 | BF8: Jul 2023 | BG8: Aug 2023 | BH8: Sep 2023 | BI8: Oct 2023 | BJ8: Nov 2023 | BK8: Dec 2023 | BL8: Jan 2024 | BM8: Feb 2024 | BN8: Mar 2024 | BO8: Apr 2024 | BP8: May 2024 | BQ8: Jun 2024 *
B9: (1) | C9: Residents | E9: 1300126 | F9: 1363899 | G9: 1435600 | H9: 1472992 | I9: 1494193 | J9: 1522861 | K9: 1542237 | L9: 1539879 | M9: 1577608 | N9: 1612162 | O9: 1615217 | P9: 1648812 | Q9: 1615938 | R9: 1635166 | S9: 1661768 | T9: 1662534 | U9: 1665764 | V9: 1690300 | W9: 1708931 | X9: 1715805 | Y9: 1713598 | Z9: 1679669 | AA9: 1682102 | AB9: 1678010 | AC9: 1677106 | AD9: 1677754 | AE9: 1666107 | AF9: 1660155 | AG9: 1682944 | AH9: 1684120 | AI9: 1694190 | AJ9: 1699170 | AK9: 1728290 | AL9: 1737238 | AM9: 1765533 | AN9: 1761904 | AO9: 1770864 | AP9: 1791435 | AQ9: 1761816 | AR9: 1797031 | AS9: 1843449 | AT9: 1876621 | AU9: 1928360 | AV9: 1958348 | AW9: 1966397 | AX9: 2015760 | AY9: 2009696 | AZ9: 2029531 | BA9: 2024379 | BB9: 2092554 | BC9: 2135494 | BD9: 2166482 | BE9: 2170851 | BF9: 2190015 | BG9: 2191954 | BH9: 2230771 | BI9: 2251216 | BJ9: 2259333 | BK9: 2319855 | BL9: 2341988 | BM9: 2400404 | BN9: 2436348 | BO9: 2503004 | BP9: 2473639 | BQ9: 2470748.3
C10: 1.1 | D10: Corporate | E10: 563100 | F10: 592181 | G10: 604435 | H10: 600333 | I10: 613799 | J10: 592195 | K10: 590877 | L10: 594280 | M10: 589875 | N10: 586660 | O10: 592308 | P10: 607023 | Q10: 631853 | R10: 621853 | S10: 618278 | T10: 617047 | U10: 615665 | V10: 612847 | W10: 627700 | X10: 613759 | Y10: 606944 | Z10: 592637 | AA10: 606207 | AB10: 612802 | AC10: 614896 | AD10: 611256 | AE10: 616341 | AF10: 613585 | AG10: 623640 | AH10: 623339 | AI10: 633521 | AJ10: 638529 | AK10: 647904 | AL10: 646695 | AM10: 671422 | AN10: 673711 | AO10: 678487 | AP10: 697966 | AQ10: 690470 | AR10: 698910 | AS10: 735980 | AT10: 723989 | AU10: 741377 | AV10: 738143 | AW10: 749928 | AX10: 763149 | AY10: 790086 | AZ10: 806586 | BA10: 791038 | BB10: 821786 | BC10: 834669 | BD10: 847771 | BE10: 863558 | BF10: 871646 | BG10: 879443 | BH10: 896382 | BI10: 903971 | BJ10: 923510 | BK10: 976967 | BL10: 984756 | BM10: 1000767 | BN10: 1020461 | BO10: 1036526 | BP10: 1043436 | BQ10: 1046617.3
C11: 1.2 | D11: Individuals | E11: 360741 | F11: 388271 | G11: 396550 | H11: 407410 | I11: 406631 | J11: 417930 | K11: 418408 | L11: 436683 | M11: 439815 | N11: 447510 | O11: 449418 | P11: 450866 | Q11: 450084 | R11: 454381 | S11: 465609 | T11: 470704 | U11: 476108 | V11: 478644 | W11: 478616 | X11: 480907 | Y11: 482321 | Z11: 485528 | AA11: 493901 | AB11: 496582 | AC11: 502138 | AD11: 505599 | AE11: 507970 | AF11: 509027 | AG11: 509865 | AH11: 507801 | AI11: 504903 | AJ11: 507643 | AK11: 505000 | AL11: 517055 | AM11: 519917 | AN11: 517223 | AO11: 528556 | AP11: 521801 | AQ11: 527388 | AR11: 519314 | AS11: 529383 | AT11: 532692 | AU11: 533847 | AV11: 536581 | AW11: 540706 | AX11: 553187 | AY11: 559456 | AZ11: 587549 | BA11: 574749 | BB11: 600694 | BC11: 607728 | BD11: 627908 | BE11: 617997 | BF11: 622804 | BG11: 625236 | BH11: 628424 | BI11: 631121 | BJ11: 640617 | BK11: 653122 | BL11: 661471 | BM11: 678251 | BN11: 692674 | BO11: 700340 | BP11: 714307 | BQ11: 718392.8
C12: 1.3 | D12: Government | E12: 157438 | F12: 186847 | G12: 211977 | H12: 233226 | I12: 250615 | J12: 285912 | K12: 290321 | L12: 273033 | M12: 291432 | N12: 316634 | O12: 299918 | P12: 301309 | Q12: 258494 | R12: 255127 | S12: 276828 | T12: 291981 | U12: 289028 | V12: 282953 | W12: 280457 | X12: 333554 | Y12: 316010 | Z12: 315512 | AA12: 287270 | AB12: 274260 | AC12: 266958 | AD12: 277317 | AE12: 291345 | AF12: 287899 | AG12: 281634 | AH12: 291525 | AI12: 288691 | AJ12: 297042 | AK12: 313184 | AL12: 308612 | AM12: 288156 | AN12: 286854 | AO12: 291940 | AP12: 291390 | AQ12: 290951 | AR12: 321901 | AS12: 317257 | AT12: 362133 | AU12: 387737 | AV12: 401836 | AW12: 428670 | AX12: 431192 | AY12: 396771 | AZ12: 379943 | BA12: 403571 | BB12: 406365 | BC12: 417468 | BD12: 415352 | BE12: 425662 | BF12: 437278 | BG12: 432364 | BH12: 423354 | BI12: 432983 | BJ12: 430919 | BK12: 401670 | BL12: 420638 | BM12: 406249 | BN12: 419849 | BO12: 474295 | BP12: 432926 | BQ12: 419907.2
C13: 1.4 | D13: GREs | E13: 190755 | F13: 168365 | G13: 191530 | H13: 201342 | I13: 191767 | J13: 192709 | K13: 207145 | L13: 194661 | M13: 217384 | N13: 217958 | O13: 231397 | P13: 245329 | Q13: 232102 | R13: 260083 | S13: 257593 | T13: 237912 | U13: 240503 | V13: 273812 | W13: 279089 | X13: 245460 | Y13: 266748 | Z13: 245091 | AA13: 254805 | AB13: 254097 | AC13: 255452 | AD13: 246151 | AE13: 215452 | AF13: 215260 | AG13: 227171 | AH13: 222687 | AI13: 233002 | AJ13: 220212 | AK13: 226885 | AL13: 228629 | AM13: 247908 | AN13: 245785 | AO13: 230145 | AP13: 239336 | AQ13: 205095 | AR13: 217623 | AS13: 212593 | AT13: 221100 | AU13: 228423 | AV13: 232294 | AW13: 209488 | AX13: 230127 | AY13: 216854 | AZ13: 213346 | BA13: 208952 | BB13: 214291 | BC13: 234309 | BD13: 233387 | BE13: 213977 | BF13: 216550 | BG13: 212160 | BH13: 231162 | BI13: 239091 | BJ13: 220148 | BK13: 224165 | BL13: 227163 | BM13: 269007 | BN13: 249042 | BO13: 247780 | BP13: 237709 | BQ13: 237487.4
C14: 1.5 | D14: Non Banking Financial Institutions | E14: 28092 | F14: 28235 | G14: 31108 | H14: 30681 | I14: 31381 | J14: 34115 | K14: 35486 | L14: 41222 | M14: 39102 | N14: 43400 | O14: 42176 | P14: 44285 | Q14: 43405 | R14: 43722 | S14: 43460 | T14: 44890 | U14: 44460 | V14: 42044 | W14: 43069 | X14: 42125 | Y14: 41575 | Z14: 40901 | AA14: 39919 | AB14: 40269 | AC14: 37662 | AD14: 37431 | AE14: 34999 | AF14: 34384 | AG14: 40634 | AH14: 38768 | AI14: 34073 | AJ14: 35744 | AK14: 35317 | AL14: 36247 | AM14: 38130 | AN14: 38331 | AO14: 41736 | AP14: 40942 | AQ14: 47912 | AR14: 39283 | AS14: 48236 | AT14: 36707 | AU14: 36976 | AV14: 49494 | AW14: 37605 | AX14: 38105 | AY14: 46529 | AZ14: 42107 | BA14: 46069 | BB14: 49418 | BC14: 41320 | BD14: 42064 | BE14: 49657 | BF14: 41737 | BG14: 42751 | BH14: 51449 | BI14: 44050 | BJ14: 44139 | BK14: 63931 | BL14: 47960 | BM14: 46130 | BN14: 54322 | BO14: 44063 | BP14: 45261 | BQ14: 48343.6
B16: (2) | C16: Non-Residents | E16: 171492 | F16: 199050 | G16: 191677 | H16: 189451 | I16: 190121 | J16: 205439 | K16: 213413 | L16: 208168 | M16: 196709 | N16: 189771 | O16: 204399 | P16: 221372 | Q16: 210355 | R16: 216751 | S16: 210355 | T16: 202881 | U16: 200368 | V16: 197001 | W16: 189966 | X16: 191347 | Y16: 197025 | Z16: 196457 | AA16: 202443 | AB16: 198152 | AC16: 201164 | AD16: 203514 | AE16: 211178 | AF16: 214440 | AG16: 225711 | AH16: 230997 | AI16: 234491 | AJ16: 243156 | AK16: 238979 | AL16: 229747 | AM16: 230994 | AN16: 220481 | AO16: 217490 | AP16: 214802 | AQ16: 246536 | AR16: 243500 | AS16: 248384 | AT16: 256283 | AU16: 238251 | AV16: 228614 | AW16: 238313 | AX16: 223537 | AY16: 212530 | AZ16: 212859 | BA16: 208716 | BB16: 213355 | BC16: 215440 | BD16: 239303 | BE16: 211148 | BF16: 202966 | BG16: 211360 | BH16: 190100 | BI16: 204134 | BJ16: 185134 | BK16: 202047 | BL16: 197897 | BM16: 207669 | BN16: 220931 | BO16: 214424 | BP16: 204650 | BQ16: 221821.5
C17: 2.1 | D17: Corporate | E17: 72807 | F17: 88352 | G17: 88310 | H17: 79909 | I17: 80202 | J17: 86543 | K17: 91889 | L17: 85899 | M17: 88662 | N17: 85012 | O17: 84337 | P17: 87964 | Q17: 83172 | R17: 91844 | S17: 85242 | T17: 83790 | U17: 73495 | V17: 73140 | W17: 74433 | X17: 73341 | Y17: 70632 | Z17: 71651 | AA17: 72250 | AB17: 69773 | AC17: 69780 | AD17: 69533 | AE17: 72724 | AF17: 78506 | AG17: 80330 | AH17: 79866 | AI17: 82086 | AJ17: 82932 | AK17: 83026 | AL17: 81287 | AM17: 82170 | AN17: 88124 | AO17: 86540 | AP17: 92340 | AQ17: 120726 | AR17: 123118 | AS17: 138302 | AT17: 138693 | AU17: 122263 | AV17: 119744 | AW17: 132719 | AX17: 116203 | AY17: 103101 | AZ17: 103291 | BA17: 101881 | BB17: 107722 | BC17: 104053 | BD17: 137011 | BE17: 111929 | BF17: 95515 | BG17: 103479 | BH17: 105083 | BI17: 119142 | BJ17: 109572 | BK17: 110387 | BL17: 103281 | BM17: 106829 | BN17: 117576 | BO17: 108766 | BP17: 103087 | BQ17: 112305.8
C18: 2.2 | D18: Non Banking Financial Institutions | E18: 57606 | F18: 70150 | G18: 66096 | H18: 70078 | I18: 64645 | J18: 71618 | K18: 68637 | L18: 67963 | M18: 63053 | N18: 61608 | O18: 75532 | P18: 84026 | Q18: 76157 | R18: 79707 | S18: 80699 | T18: 78314 | U18: 75382 | V18: 71597 | W18: 73210 | X18: 71676 | Y18: 82847 | Z18: 80767 | AA18: 84421 | AB18: 79678 | AC18: 78332 | AD18: 86340 | AE18: 83376 | AF18: 83623 | AG18: 81501 | AH18: 86415 | AI18: 91963 | AJ18: 97606 | AK18: 94926 | AL18: 90043 | AM18: 86020 | AN18: 71720 | AO18: 64537 | AP18: 63642 | AQ18: 58035 | AR18: 52110 | AS18: 49497 | AT18: 49635 | AU18: 44690 | AV18: 40588 | AW18: 41779 | AX18: 40565 | AY18: 41171 | AZ18: 39496 | BA18: 38922 | BB18: 37317 | BC18: 39912 | BD18: 36666 | BE18: 35833 | BF18: 39800 | BG18: 38551 | BH18: 30326 | BI18: 28249 | BJ18: 22889 | BK18: 23766 | BL18: 24220 | BM18: 24065 | BN18: 27514 | BO18: 27724 | BP18: 33250 | BQ18: 36024.8
C19: 2.3 | D19: Individuals | E19: 27492 | F19: 28084 | G19: 26497 | H19: 25680 | I19: 24937 | J19: 24951 | K19: 25932 | L19: 25920 | M19: 25413 | N19: 24876 | O19: 25187 | P19: 24867 | Q19: 24547 | R19: 23952 | S19: 23631 | T19: 23880 | U19: 23781 | V19: 24188 | W19: 24347 | X19: 24382 | Y19: 24454 | Z19: 24417 | AA19: 24604 | AB19: 24754 | AC19: 25097 | AD19: 24881 | AE19: 24990 | AF19: 25056 | AG19: 24638 | AH19: 24814 | AI19: 24899 | AJ19: 25665 | AK19: 25273 | AL19: 26656 | AM19: 26261 | AN19: 26067 | AO19: 26624 | AP19: 27377 | AQ19: 28121 | AR19: 29340 | AS19: 29372 | AT19: 30136 | AU19: 30543 | AV19: 31077 | AW19: 32008 | AX19: 33110 | AY19: 33475 | AZ19: 34226 | BA19: 33627 | BB19: 35104 | BC19: 37019 | BD19: 36873 | BE19: 37930 | BF19: 37255 | BG19: 37275 | BH19: 37683 | BI19: 39027 | BJ19: 38450 | BK19: 38960 | BL19: 39446 | BM19: 39093 | BN19: 39130 | BO19: 38880 | BP19: 39488 | BQ19: 40392.2
C20: 2.4 | D20: Government and Non Commercial Entities | E20: 13587 | F20: 12464 | G20: 10774 | H20: 13784 | I20: 20337 | J20: 22327 | K20: 26955 | L20: 28386 | M20: 19581 | N20: 18275 | O20: 19343 | P20: 24515 | Q20: 26479 | R20: 21248 | S20: 20783 | T20: 16897 | U20: 27710 | V20: 28076 | W20: 17976 | X20: 21948 | Y20: 19092 | Z20: 19622 | AA20: 21168 | AB20: 23947 | AC20: 27955 | AD20: 22760 | AE20: 30088 | AF20: 27255 | AG20: 39242 | AH20: 39902 | AI20: 35543 | AJ20: 36953 | AK20: 35754 | AL20: 31761 | AM20: 36543 | AN20: 34570 | AO20: 39789 | AP20: 31443 | AQ20: 39654 | AR20: 38932 | AS20: 31213 | AT20: 37819 | AU20: 40755 | AV20: 37205 | AW20: 31807 | AX20: 33659 | AY20: 34783 | AZ20: 35846 | BA20: 34286 | BB20: 33212 | BC20: 34456 | BD20: 28753 | BE20: 25456 | BF20: 30396 | BG20: 32055 | BH20: 17008 | BI20: 17716 | BJ20: 14223 | BK20: 28934 | BL20: 30950 | BM20: 37682 | BN20: 36711 | BO20: 39054 | BP20: 28825 | BQ20: 33098.7
B22: Total Deposits | E22: 1471618 | F22: 1562949 | G22: 1627277 | H22: 1662443 | I22: 1684314 | J22: 1728300 | K22: 1755650 | L22: 1748047 | M22: 1774317 | N22: 1801933 | O22: 1819616 | P22: 1870184 | Q22: 1826293 | R22: 1851917 | S22: 1872123 | T22: 1865415 | U22: 1866132 | V22: 1887301 | W22: 1898897 | X22: 1907152 | Y22: 1910623 | Z22: 1876126 | AA22: 1884545 | AB22: 1876162 | AC22: 1878270 | AD22: 1881268 | AE22: 1877285 | AF22: 1874595 | AG22: 1908655 | AH22: 1915117 | AI22: 1928681 | AJ22: 1942326 | AK22: 1967269 | AL22: 1966985 | AM22: 1996527 | AN22: 1982385 | AO22: 1988354 | AP22: 2006237 | AQ22: 2008352 | AR22: 2040531 | AS22: 2091833 | AT22: 2132904 | AU22: 2166611 | AV22: 2186962 | AW22: 2204710 | AX22: 2239297 | AY22: 2222226 | AZ22: 2242390 | BA22: 2233095 | BB22: 2305909 | BC22: 2350934 | BD22: 2405785 | BE22: 2381999 | BF22: 2392981 | BG22: 2403314 | BH22: 2420871 | BI22: 2455350 | BJ22: 2444467 | BK22: 2521902 | BL22: 2539885 | BM22: 2608073 | BN22: 2657279 | BO22: 2717428 | BP22: 2678289 | BQ22: 2692569.8
B24: 1 Excluding Inter-Bank Deposits and Bank Drafts but Including Commercial Prepayments & Borrowings under repurchase agreements
B25: * Preliminary

Sheet old_category
B3: Table A-10 : Deposits distributed Residents / Non Residents 1
B5: (In Millions of AED)
B6: month | E6: 3 | F6: 6 | G6: 9 | H6: 12 | I6: 3 | J6: 6 | K6: 9 | L6: 12 | M6: 3 | N6: 6 | O6: 9 | P6: 12 | Q6: 3 | R6: 6 | S6: 9 | T6: 12 | U6: 3 | V6: 6 | W6: 9 | X6: 12 | Y6: 3 | Z6: 6 | AA6: 9 | AB6: 12 | AC6: 3 | AD6: 6 | AE6: 9 | AF6: 12 | AG6: 3 | AH6: 6 | AI6: 9 | AJ6: 12 | AK6: 12 | AL6: 12 | AM6: 12 | AN6: 12 | AO6: 12
B7: year | E7: 2001 | F7: 2001 | G7: 2001 | H7: 2001 | I7: 2002 | J7: 2002 | K7: 2002 | L7: 2002 | M7: 2003 | N7: 2003 | O7: 2003 | P7: 2003 | Q7: 2004 | R7: 2004 | S7: 2004 | T7: 2004 | U7: 2005 | V7: 2005 | W7: 2005 | X7: 2005 | Y7: 2006 | Z7: 2006 | AA7: 2006 | AB7: 2006 | AC7: 2007 | AD7: 2007 | AE7: 2007 | AF7: 2007 | AG7: 2008 | AH7: 2008 | AI7: 2008 | AJ7: 2008 | AK7: 2009 | AL7: 2010 | AM7: 2011 | AN7: 2012 | AO7: 2013
B8: Item | E8: Marc 2001 | F8: Ju 2001 | G8: Se 2001 | H8: Dec 2001 | I8: Marc 2002 | J8: Ju 2002 | K8: Se 2002 | L8: Dec 2002 | M8: Marc 2003 | N8: Ju 2003 | O8: Se 2003** | P8: Dec 2003 | Q8: Marc 2004 | R8: Ju 2004 | S8: Se 2004 | T8: Dec 2004 | U8: Marc 2005 | V8: Ju 2005 | W8: Se 2005 | X8: Dec 2005 | Y8: Marc 2006 | Z8: Ju 2006 | AA8: Se 2006 | AB8: Dec 2006 | AC8: Marc 2007 | AD8: Ju 2007 | AE8: Se 2007 | AF8: Dec 2007 | AG8: Marc 2008 | AH8: Ju 2008 | AI8: Se 2008 | AJ8: Dec 2008 | AK8: Dec 2009 | AL8: Dec 2010 | AM8: Dec 2011 | AN8: Dec 2012 | AO8: Dec 2013*
B9: (1) | C9: Residents | E9: 165192 | F9: 170097 | G9: 170878 | H9: 172849 | I9: 177554 | J9: 181596 | K9: 187187 | L9: 198244 | M9: 198653 | N9: 202261 | O9: 213306 | P9: 221573 | Q9: 236711 | R9: 242035 | S9: 254688 | T9: 276951 | U9: 293730 | V9: 321688 | W9: 348682 | X9: 384275 | Y9: 398340 | Z9: 404268 | AA9: 433680 | AB9: 469322 | AC9: 501476 | AD9: 561654 | AE9: 583789 | AF9: 651338 | AG9: 703011 | AH9: 763023 | AI9: 779061 | AJ9: 833432 | AK9: 893989 | AL9: 929275 | AM9: 957328 | AN9: 1033700 | AO9: 1165261
C10: 1.1 | D10: Government | E10: 27234 | F10: 26596 | G10: 28056 | H10: 27382 | I10: 28516 | J10: 29635 | K10: 30788 | L10: 36972 | M10: 31568 | N10: 32492 | O10: 36538 | P10: 39418 | Q10: 38709 | R10: 43385 | S10: 47726 | T10: 51274 | U10: 47325 | V10: 49150 | W10: 66693 | X10: 79179 | Y10: 71881 | Z10: 70874 | AA10: 86615 | AB10: 93680 | AC10: 89107 | AD10: 112426 | AE10: 104589 | AF10: 114579 | AG10: 114680 | AH10: 125723 | AI10: 136761 | AJ10: 198298 | AK10: 192614 | AL10: 183162 | AM10: 174809 | AN10: 219541 | AO10: 161300
C11: 1.2 | D11: Public sector | E11: 9542 | F11: 11009 | G11: 9458 | H11: 9720 | I11: 10584 | J11: 9852 | K11: 10453 | L11: 10963 | M11: 13848 | N11: 13384 | O11: 17506 | P11: 20621 | Q11: 19697 | R11: 19961 | S11: 20567 | T11: 23344 | U11: 24020 | V11: 27446 | W11: 27095 | X11: 27882 | Y11: 36381 | Z11: 32891 | AA11: 30289 | AB11: 38142 | AC11: 41251 | AD11: 41259 | AE11: 39620 | AF11: 36196 | AG11: 40601 | AH11: 42352 | AI11: 45084 | AJ11: 44760 | AK11: 56867 | AL11: 60938 | AM11: 67216 | AN11: 69137 | AO11: 173685
C12: 1.3 | D12: Private sector | E12: 40926 | F12: 42268 | G12: 43581 | H12: 46172 | I12: 46585 | J12: 49098 | K12: 52629 | L12: 59726 | M12: 57913 | N12: 59958 | O12: 63015 | P12: 67657 | Q12: 71828 | R12: 74135 | S12: 78255 | T12: 90779 | U12: 95290 | V12: 113999 | W12: 126143 | X12: 144117 | Y12: 148858 | Z12: 155837 | AA12: 168618 | AB12: 176046 | AC12: 193911 | AD12: 217984 | AE12: 235673 | AF12: 272241 | AG12: 300214 | AH12: 324039 | AI12: 347071 | AJ12: 338451 | AK12: 372003 | AL12: 380354 | AM12: 393686 | AN12: 378871 | AO12: 473573
C13: 1.4 | D13: Individuals | E13: 68195 | F13: 72146 | G13: 73538 | H13: 76442 | I13: 78751 | J13: 80694 | K13: 80802 | L13: 83546 | M13: 86068 | N13: 89116 | O13: 87762 | P13: 90360 | Q13: 97130 | R13: 100282 | S13: 100618 | T13: 106186 | U13: 112326 | V13: 117890 | W13: 117299 | X13: 117057 | Y13: 126220 | Z13: 129597 | AA13: 135926 | AB13: 142321 | AC13: 155182 | AD13: 169930 | AE13: 177285 | AF13: 202780 | AG13: 224577 | AH13: 236375 | AI13: 225803 | AJ13: 225483 | AK13: 259906 | AL13: 284958 | AM13: 297275 | AN13: 328449 | AO13: 317616
C14: 1.5 | D14: Others | E14: 19295 | F14: 18078 | G14: 16245 | H14: 13133 | I14: 13118 | J14: 12317 | K14: 12515 | L14: 7037 | M14: 9256 | N14: 7311 | O14: 8485 | P14: 3517 | Q14: 9347 | R14: 4272 | S14: 7522 | T14: 5368 | U14: 14769 | V14: 13203 | W14: 11452 | X14: 16040 | Y14: 15000 | Z14: 15069 | AA14: 12232 | AB14: 19133 | AC14: 22025 | AD14: 20055 | AE14: 26622 | AF14: 25542 | AG14: 22939 | AH14: 34534 | AI14: 24342 | AJ14: 26440 | AK14: 12599 | AL14: 19863 | AM14: 24342 | AN14: 37702 | AO14: 39087
B16: (2) | C16: Non-Residents | E16: 9213 | F16: 9569 | G16: 10610 | H16: 10045 | I16: 11045 | J16: 11586 | K16: 11132 | L16: 11403 | M16: 11876 | N16: 11007 | O16: 11121 | P16: 11219 | Q16: 11133 | R16: 11691 | S16: 13772 | T16: 13553 | U16: 15718 | V16: 20014 | W16: 24993 | X16: 25394 | Y16: 30276 | Z16: 34039 | AA16: 39621 | AB16: 49484 | AC16: 54132 | AD16: 59038 | AE16: 67705 | AF16: 64683 | AG16: 66536 | AH16: 70896 | AI16: 88077 | AJ16: 78738 | AK16: 88590 | AL16: 120353 | AM16: 112422 | AN16: 134097 | AO16: 111767
C17: 2.1 | D17: Government and Diplomatic Missions | E17: 519 | F17: 484 | G17: 895 | H17: 686 | I17: 1080 | J17: 901 | K17: 872 | L17: 906 | M17: 1013 | N17: 887 | O17: 1052 | P17: 980 | Q17: 906 | R17: 695 | S17: 1088 | T17: 995 | U17: 712 | V17: 590 | W17: 771 | X17: 1583 | Y17: 1581 | Z17: 1550 | AA17: 1954 | AB17: 3311 | AC17: 4345 | AD17: 4868 | AE17: 4642 | AF17: 6057 | AG17: 6361 | AH17: 5101 | AI17: 2714 | AJ17: 5314 | AK17: 11439 | AL17: 6877 | AM17: 7662 | AN17: 9204 | AO17: 4231
C18: 2.2 | D18: Financial Institutions | E18: 708 | F18: 848 | G18: 1564 | H18: 1485 | I18: 1553 | J18: 2603 | K18: 1806 | L18: 1598 | M18: 1550 | N18: 983 | O18: 637 | P18: 805 | Q18: 606 | R18: 749 | S18: 1279 | T18: 1284 | U18: 1652 | V18: 1879 | W18: 3657 | X18: 4834 | Y18: 7072 | Z18: 5196 | AA18: 5322 | AB18: 8630 | AC18: 7530 | AD18: 8243 | AE18: 13832 | AF18: 14289 | AG18: 7319 | AH18: 11424 | AI18: 18339 | AJ18: 15591 | AK18: 33426 | AL18: 48378 | AM18: 37159 | AN18: 47951 | AO18: 35828
C19: 2.3 | D19: Business and Industry | E19: 2615 | F19: 2602 | G19: 2579 | H19: 2503 | I19: 3373 | J19: 2930 | K19: 3087 | L19: 3525 | M19: 3880 | N19: 3655 | O19: 3726 | P19: 3563 | Q19: 3764 | R19: 4274 | S19: 5285 | T19: 4715 | U19: 5026 | V19: 8201 | W19: 10203 | X19: 8849 | Y19: 10117 | Z19: 13888 | AA19: 13846 | AB19: 15720 | AC19: 14999 | AD19: 17388 | AE19: 18354 | AF19: 18780 | AG19: 18632 | AH19: 24007 | AI19: 27830 | AJ19: 28580 | AK19: 22980 | AL19: 38322 | AM19: 38400 | AN19: 38077 | AO19: 49337
C20: 2.4 | D20: Individuals and Others | E20: 5371 | F20: 5635 | G20: 5572 | H20: 5371 | I20: 5039 | J20: 5152 | K20: 5367 | L20: 5374 | M20: 5433 | N20: 5482 | O20: 5706 | P20: 5871 | Q20: 5857 | R20: 5973 | S20: 6120 | T20: 6559 | U20: 8328 | V20: 9344 | W20: 10362 | X20: 10128 | Y20: 11506 | Z20: 13405 | AA20: 18499 | AB20: 21823 | AC20: 27258 | AD20: 28539 | AE20: 30877 | AF20: 25557 | AG20: 34224 | AH20: 30364 | AI20: 39194 | AJ20: 29253 | AK20: 20745 | AL20: 26776 | AM20: 29201 | AN20: 38865 | AO20: 22371
B22: Total Deposits | E22: 174405 | F22: 179666 | G22: 181488 | H22: 182894 | I22: 188599 | J22: 193182 | K22: 198319 | L22: 209647 | M22: 210529 | N22: 213268 | O22: 224427 | P22: 232792 | Q22: 247844 | R22: 253726 | S22: 268460 | T22: 290504 | U22: 309448 | V22: 341702 | W22: 373675 | X22: 409669 | Y22: 428616 | Z22: 438307 | AA22: 473301 | AB22: 518806 | AC22: 555608 | AD22: 620692 | AE22: 651494 | AF22: 716021 | AG22: 769547 | AH22: 833919 | AI22: 867138 | AJ22: 912170 | AK22: 982579 | AL22: 1049628 | AM22: 1069750 | AN22: 1167797 | AO22: 1277028
B24: 1 Excluding Inter-Bank Deposits and Bank Drafts but Including Commercial Prepayments
B25: * Preliminary
B26: ** Only for Residents: Excluding Inter-Bank Deposits and Bank Drafts but Including Commercial Prepayments and Deposits of UAE Residents Booked in Overseas Branches (Including Offshore Units) and Subsidiaries of National Banks Abroad.
E29: =SUM(E10:E14)=E9 -> TRUE | F29: =SUM(F10:F14)=F9 -> TRUE | G29: =SUM(G10:G14)=G9 -> TRUE | H29: =SUM(H10:H14)=H9 -> TRUE | I29: =SUM(I10:I14)=I9 -> TRUE | J29: =SUM(J10:J14)=J9 -> TRUE | K29: =SUM(K10:K14)=K9 -> TRUE | L29: =SUM(L10:L14)=L9 -> TRUE | ... AO29: =SUM(AO10:AO14)=AO9 -> TRUE
E30: =+SUM(E17:E20)=E16 -> TRUE | F30: =+SUM(F17:F20)=F16 -> TRUE | G30: =+SUM(G17:G20)=G16 -> TRUE | H30: =+SUM(H17:H20)=H16 -> TRUE | I30: =+SUM(I17:I20)=I16 -> TRUE | J30: =+SUM(J17:J20)=J16 -> TRUE | K30: =+SUM(K17:K20)=K16 -> TRUE | L30: =+SUM(L17:L20)=L16 -> TRUE | ... AO30: =+SUM(AO17:AO20)=AO16 -> TRUE
E31: =(SUM(E10:E14)+SUM(E17:E20))=E22 -> TRUE | F31: =(SUM(F10:F14)+SUM(F17:F20))=F22 -> TRUE | G31: =(SUM(G10:G14)+SUM(G17:G20))=G22 -> TRUE | H31: =(SUM(H10:H14)+SUM(H17:H20))=H22 -> TRUE | I31: =(SUM(I10:I14)+SUM(I17:I20))=I22 -> TRUE | J31: =(SUM(J10:J14)+SUM(J17:J20))=J22 -> TRUE | K31: =(SUM(K10:K14)+SUM(K17:K20))=K22 -> TRUE | L31: =(SUM(L10:L14)+SUM(L17:L20))=L22 -> TRUE | ... AO31: =(SUM(AO10:AO14)+SUM(AO17:AO20))=AO22 -> TRUE
E32: =(E9+E16)=E22 -> TRUE | F32: =(F9+F16)=F22 -> TRUE | G32: =(G9+G16)=G22 -> TRUE | H32: =(H9+H16)=H22 -> TRUE | I32: =(I9+I16)=I22 -> TRUE | J32: =(J9+J16)=J22 -> TRUE | K32: =(K9+K16)=K22 -> TRUE | L32: =(L9+L16)=L22 -> TRUE | ... AO32: =(AO9+AO16)=AO22 -> TRUE

Sheet merge
A1: month | B1: =old_category!E6 -> 3 | C1: =old_category!F6 -> 6 | D1: =old_category!G6 -> 9 | E1: =old_category!H6 -> 12 | F1: =old_category!I6 -> 3 | G1: =old_category!J6 -> 6 | H1: =old_category!K6 -> 9 | I1: =old_category!L6 -> 12 | ... AL1: =old_category!AO6 -> 12 | AM1: 12 | AN1: =new_category!E6 -> 12 | AO1: =new_category!F6 -> 12 | AP1: =new_category!G6 -> 12 | AQ1: =new_category!H6 -> 3 | AR1: =new_category!I6 -> 6 | AS1: =new_category!J6 -> 9 | AT1: =new_category!K6 -> 12 | AU1: =new_category!L6 -> 3 | ... CZ1: =new_category!BQ6 -> 6
A2: year | B2: =old_category!E7 -> 2001 | C2: =old_category!F7 -> 2001 | D2: =old_category!G7 -> 2001 | E2: =old_category!H7 -> 2001 | F2: =old_category!I7 -> 2002 | G2: =old_category!J7 -> 2002 | H2: =old_category!K7 -> 2002 | I2: =old_category!L7 -> 2002 | ... AL2: =old_category!AO7 -> 2013 | AM2: 2014 | AN2: =new_category!E7 -> 2015 | AO2: =new_category!F7 -> 2016 | AP2: =new_category!G7 -> 2017 | AQ2: =new_category!H7 -> 2018 | AR2: =new_category!I7 -> 2018 | AS2: =new_category!J7 -> 2018 | AT2: =new_category!K7 -> 2018 | AU2: =new_category!L7 -> 2019 | ... CZ2: =new_category!BQ7 -> 2024
A3: non_residents | B3: =old_category!E16 -> 9213 | C3: =old_category!F16 -> 9569 | D3: =old_category!G16 -> 10610 | E3: =old_category!H16 -> 10045 | F3: =old_category!I16 -> 11045 | G3: =old_category!J16 -> 11586 | H3: =old_category!K16 -> 11132 | I3: =old_category!L16 -> 11403 | ... AL3: =old_category!AO16 -> 111767 | AM3: 154000 | AN3: =new_category!E16 -> 171492 | AO3: =new_category!F16 -> 199050 | AP3: =new_category!G16 -> 191677 | AQ3: =new_category!H16 -> 189451 | AR3: =new_category!I16 -> 190121 | AS3: =new_category!J16 -> 205439 | AT3: =new_category!K16 -> 213413 | AU3: =new_category!L16 -> 208168 | ... CZ3: =new_category!BQ16 -> 221821.5
A4: non_res_corporate | B4: NA | C4: NA | D4: NA | E4: NA | F4: NA | G4: NA | H4: NA | I4: NA | J4: NA | K4: NA | L4: NA | M4: NA | N4: NA | O4: NA | P4: NA | Q4: NA | R4: NA | S4: NA | T4: NA | U4: NA | V4: NA | W4: NA | X4: NA | Y4: NA | Z4: NA | AA4: NA | AB4: NA | AC4: NA | AD4: NA | AE4: NA | AF4: NA | AG4: NA | AH4: NA | AI4: NA | AJ4: NA | AK4: NA | AL4: NA | AM4: NA | AN4: =new_category!E17 -> 72807 | AO4: =new_category!F17 -> 88352 | AP4: =new_category!G17 -> 88310 | AQ4: =new_category!H17 -> 79909 | AR4: =new_category!I17 -> 80202 | AS4: =new_category!J17 -> 86543 | AT4: =new_category!K17 -> 91889 | AU4: =new_category!L17 -> 85899 | ... CZ4: =new_category!BQ17 -> 112305.8
A5: non_res_non_banking_fin_insti | B5: NA | C5: NA | D5: NA | E5: NA | F5: NA | G5: NA | H5: NA | I5: NA | J5: NA | K5: NA | L5: NA | M5: NA | N5: NA | O5: NA | P5: NA | Q5: NA | R5: NA | S5: NA | T5: NA | U5: NA | V5: NA | W5: NA | X5: NA | Y5: NA | Z5: NA | AA5: NA | AB5: NA | AC5: NA | AD5: NA | AE5: NA | AF5: NA | AG5: NA | AH5: NA | AI5: NA | AJ5: NA | AK5: NA | AL5: NA | AM5: NA | AN5: =new_category!E18 -> 57606 | AO5: =new_category!F18 -> 70150 | AP5: =new_category!G18 -> 66096 | AQ5: =new_category!H18 -> 70078 | AR5: =new_category!I18 -> 64645 | AS5: =new_category!J18 -> 71618 | AT5: =new_category!K18 -> 68637 | AU5: =new_category!L18 -> 67963 | ... CZ5: =new_category!BQ18 -> 36024.8
A6: non_res_individuals | B6: NA | C6: NA | D6: NA | E6: NA | F6: NA | G6: NA | H6: NA | I6: NA | J6: NA | K6: NA | L6: NA | M6: NA | N6: NA | O6: NA | P6: NA | Q6: NA | R6: NA | S6: NA | T6: NA | U6: NA | V6: NA | W6: NA | X6: NA | Y6: NA | Z6: NA | AA6: NA | AB6: NA | AC6: NA | AD6: NA | AE6: NA | AF6: NA | AG6: NA | AH6: NA | AI6: NA | AJ6: NA | AK6: NA | AL6: NA | AM6: NA | AN6: =new_category!E19 -> 27492 | AO6: =new_category!F19 -> 28084 | AP6: =new_category!G19 -> 26497 | AQ6: =new_category!H19 -> 25680 | AR6: =new_category!I19 -> 24937 | AS6: =new_category!J19 -> 24951 | AT6: =new_category!K19 -> 25932 | AU6: =new_category!L19 -> 25920 | ... CZ6: =new_category!BQ19 -> 40392.2
A7: non_res_gov_and_non_comm_ent | B7: NA | C7: NA | D7: NA | E7: NA | F7: NA | G7: NA | H7: NA | I7: NA | J7: NA | K7: NA | L7: NA | M7: NA | N7: NA | O7: NA | P7: NA | Q7: NA | R7: NA | S7: NA | T7: NA | U7: NA | V7: NA | W7: NA | X7: NA | Y7: NA | Z7: NA | AA7: NA | AB7: NA | AC7: NA | AD7: NA | AE7: NA | AF7: NA | AG7: NA | AH7: NA | AI7: NA | AJ7: NA | AK7: NA | AL7: NA | AM7: NA | AN7: =new_category!E20 -> 13587 | AO7: =new_category!F20 -> 12464 | AP7: =new_category!G20 -> 10774 | AQ7: =new_category!H20 -> 13784 | AR7: =new_category!I20 -> 20337 | AS7: =new_category!J20 -> 22327 | AT7: =new_category!K20 -> 26955 | AU7: =new_category!L20 -> 28386 | ... CZ7: =new_category!BQ20 -> 33098.7
A8: non_res_old_gov_and_dipl_missions | B8: =old_category!E17 -> 519 | C8: =old_category!F17 -> 484 | D8: =old_category!G17 -> 895 | E8: =old_category!H17 -> 686 | F8: =old_category!I17 -> 1080 | G8: =old_category!J17 -> 901 | H8: =old_category!K17 -> 872 | I8: =old_category!L17 -> 906 | ... AL8: =old_category!AO17 -> 4231 | AM8: NA | AN8: NA | AO8: NA | AP8: NA | AQ8: NA | AR8: NA | AS8: NA | AT8: NA | AU8: NA | AV8: NA | AW8: NA | AX8: NA | AY8: NA | AZ8: NA | BA8: NA | BB8: NA | BC8: NA | BD8: NA | BE8: NA | BF8: NA | BG8: NA | BH8: NA | BI8: NA | BJ8: NA | BK8: NA | BL8: NA | BM8: NA | BN8: NA | BO8: NA | BP8: NA | BQ8: NA | BR8: NA | BS8: NA | BT8: NA | BU8: NA | BV8: NA | BW8: NA | BX8: NA | BY8: NA | BZ8: NA | CA8: NA | CB8: NA | CC8: NA | CD8: NA | CE8: NA | CF8: NA | CG8: NA | CH8: NA | CI8: NA | CJ8: NA | CK8: NA | CL8: NA | CM8: NA | CN8: NA | CO8: NA | CP8: NA | CQ8: NA | CR8: NA | CS8: NA | CT8: NA | CU8: NA | CV8: NA | CW8: NA | CX8: NA | CY8: NA | CZ8: NA
A9: non_res_old_financial_institutions | B9: =old_category!E18 -> 708 | C9: =old_category!F18 -> 848 | D9: =old_category!G18 -> 1564 | E9: =old_category!H18 -> 1485 | F9: =old_category!I18 -> 1553 | G9: =old_category!J18 -> 2603 | H9: =old_category!K18 -> 1806 | I9: =old_category!L18 -> 1598 | ... AL9: =old_category!AO18 -> 35828 | AM9: NA | AN9: NA | AO9: NA | AP9: NA | AQ9: NA | AR9: NA | AS9: NA | AT9: NA | AU9: NA | AV9: NA | AW9: NA | AX9: NA | AY9: NA | AZ9: NA | BA9: NA | BB9: NA | BC9: NA | BD9: NA | BE9: NA | BF9: NA | BG9: NA | BH9: NA | BI9: NA | BJ9: NA | BK9: NA | BL9: NA | BM9: NA | BN9: NA | BO9: NA | BP9: NA | BQ9: NA | BR9: NA | BS9: NA | BT9: NA | BU9: NA | BV9: NA | BW9: NA | BX9: NA | BY9: NA | BZ9: NA | CA9: NA | CB9: NA | CC9: NA | CD9: NA | CE9: NA | CF9: NA | CG9: NA | CH9: NA | CI9: NA | CJ9: NA | CK9: NA | CL9: NA | CM9: NA | CN9: NA | CO9: NA | CP9: NA | CQ9: NA | CR9: NA | CS9: NA | CT9: NA | CU9: NA | CV9: NA | CW9: NA | CX9: NA | CY9: NA | CZ9: NA
A10: non_res_old_business_industry | B10: =old_category!E19 -> 2615 | C10: =old_category!F19 -> 2602 | D10: =old_category!G19 -> 2579 | E10: =old_category!H19 -> 2503 | F10: =old_category!I19 -> 3373 | G10: =old_category!J19 -> 2930 | H10: =old_category!K19 -> 3087 | I10: =old_category!L19 -> 3525 | ... AL10: =old_category!AO19 -> 49337 | AM10: NA | AN10: NA | AO10: NA | AP10: NA | AQ10: NA | AR10: NA | AS10: NA | AT10: NA | AU10: NA | AV10: NA | AW10: NA | AX10: NA | AY10: NA | AZ10: NA | BA10: NA | BB10: NA | BC10: NA | BD10: NA | BE10: NA | BF10: NA | BG10: NA | BH10: NA | BI10: NA | BJ10: NA | BK10: NA | BL10: NA | BM10: NA | BN10: NA | BO10: NA | BP10: NA | BQ10: NA | BR10: NA | BS10: NA | BT10: NA | BU10: NA | BV10: NA | BW10: NA | BX10: NA | BY10: NA | BZ10: NA | CA10: NA | CB10: NA | CC10: NA | CD10: NA | CE10: NA | CF10: NA | CG10: NA | CH10: NA | CI10: NA | CJ10: NA | CK10: NA | CL10: NA | CM10: NA | CN10: NA | CO10: NA | CP10: NA | CQ10: NA | CR10: NA | CS10: NA | CT10: NA | CU10: NA | CV10: NA | CW10: NA | CX10: NA | CY10: NA | CZ10: NA
A11: non_res_old_individuals_others | B11: =old_category!E20 -> 5371 | C11: =old_category!F20 -> 5635 | D11: =old_category!G20 -> 5572 | E11: =old_category!H20 -> 5371 | F11: =old_category!I20 -> 5039 | G11: =old_category!J20 -> 5152 | H11: =old_category!K20 -> 5367 | I11: =old_category!L20 -> 5374 | ... AL11: =old_category!AO20 -> 22371 | AM11: NA | AN11: NA | AO11: NA | AP11: NA | AQ11: NA | AR11: NA | AS11: NA | AT11: NA | AU11: NA | AV11: NA | AW11: NA | AX11: NA | AY11: NA | AZ11: NA | BA11: NA | BB11: NA | BC11: NA | BD11: NA | BE11: NA | BF11: NA | BG11: NA | BH11: NA | BI11: NA | BJ11: NA | BK11: NA | BL11: NA | BM11: NA | BN11: NA | BO11: NA | BP11: NA | BQ11: NA | BR11: NA | BS11: NA | BT11: NA | BU11: NA | BV11: NA | BW11: NA | BX11: NA | BY11: NA | BZ11: NA | CA11: NA | CB11: NA | CC11: NA | CD11: NA | CE11: NA | CF11: NA | CG11: NA | CH11: NA | CI11: NA | CJ11: NA | CK11: NA | CL11: NA | CM11: NA | CN11: NA | CO11: NA | CP11: NA | CQ11: NA | CR11: NA | CS11: NA | CT11: NA | CU11: NA | CV11: NA | CW11: NA | CX11: NA | CY11: NA | CZ11: NA
A12: total_deposits | B12: =old_category!E22 -> 174405 | C12: =old_category!F22 -> 179666 | D12: =old_category!G22 -> 181488 | E12: =old_category!H22 -> 182894 | F12: =old_category!I22 -> 188599 | G12: =old_category!J22 -> 193182 | H12: =old_category!K22 -> 198319 | I12: =old_category!L22 -> 209647 | ... AL12: =old_category!AO22 -> 1277028 | AM12: 1421300 | AN12: =new_category!E22 -> 1471618 | AO12: =new_category!F22 -> 1562949 | AP12: =new_category!G22 -> 1627277 | AQ12: =new_category!H22 -> 1662443 | AR12: =new_category!I22 -> 1684314 | AS12: =new_category!J22 -> 1728300 | AT12: =new_category!K22 -> 1755650 | AU12: =new_category!L22 -> 1748047 | ... CZ12: =new_category!BQ22 -> 2692569.8
A13: old_category | B13: 1 | C13: 1 | D13: 1 | E13: 1 | F13: 1 | G13: 1 | H13: 1 | I13: 1 | J13: 1 | K13: 1 | L13: 1 | M13: 1 | N13: 1 | O13: 1 | P13: 1 | Q13: 1 | R13: 1 | S13: 1 | T13: 1 | U13: 1 | V13: 1 | W13: 1 | X13: 1 | Y13: 1 | Z13: 1 | AA13: 1 | AB13: 1 | AC13: 1 | AD13: 1 | AE13: 1 | AF13: 1 | AG13: 1 | AH13: 1 | AI13: 1 | AJ13: 1 | AK13: 1 | AL13: 1 | AM13: NA | AN13: 0 | AO13: 0 | AP13: 0 | AQ13: 0 | AR13: 0 | AS13: 0 | AT13: 0 | AU13: 0 | AV13: 0 | AW13: 0 | AX13: 0 | AY13: 0 | AZ13: 0 | BA13: 0 | BB13: 0 | BC13: 0 | BD13: 0 | BE13: 0 | BF13: 0 | BG13: 0 | BH13: 0 | BI13: 0 | BJ13: 0 | BK13: 0 | BL13: 0 | BM13: 0 | BN13: 0 | BO13: 0 | BP13: 0 | BQ13: 0 | BR13: 0 | BS13: 0 | BT13: 0 | BU13: 0 | BV13: 0 | BW13: 0 | BX13: 0 | BY13: 0 | BZ13: 0 | CA13: 0 | CB13: 0 | CC13: 0 | CD13: 0 | CE13: 0 | CF13: 0 | CG13: 0 | CH13: 0 | CI13: 0 | CJ13: 0 | CK13: 0 | CL13: 0 | CM13: 0 | CN13: 0 | CO13: 0 | CP13: 0 | CQ13: 0 | CR13: 0 | CS13: 0 | CT13: 0 | CU13: 0 | CV13: 0 | CW13: 0 | CX13: 0 | CY13: 0 | CZ13: 0
B16: =SUM(B4:B4:B11)=B3 -> TRUE | C16: =SUM(C4:C4:C11)=C3 -> TRUE | D16: =SUM(D4:D4:D11)=D3 -> TRUE | E16: =SUM(E4:E4:E11)=E3 -> TRUE | F16: =SUM(F4:F4:F11)=F3 -> TRUE | G16: =SUM(G4:G4:G11)=G3 -> TRUE | H16: =SUM(H4:H4:H11)=H3 -> TRUE | I16: =SUM(I4:I4:I11)=I3 -> TRUE | ... CZ16: =SUM(CZ4:CZ4:CZ11)=CZ3 -> TRUE

Sheet merge_without_formula
A1: month | B1: 3 | C1: 6 | D1: 9 | E1: 12 | F1: 3 | G1: 6 | H1: 9 | I1: 12 | J1: 3 | K1: 6 | L1: 9 | M1: 12 | N1: 3 | O1: 6 | P1: 9 | Q1: 12 | R1: 3 | S1: 6 | T1: 9 | U1: 12 | V1: 3 | W1: 6 | X1: 9 | Y1: 12 | Z1: 3 | AA1: 6 | AB1: 9 | AC1: 12 | AD1: 3 | AE1: 6 | AF1: 9 | AG1: 12 | AH1: 12 | AI1: 12 | AJ1: 12 | AK1: 12 | AL1: 12 | AM1: 12 | AN1: 12 | AO1: 12 | AP1: 12 | AQ1: 3 | AR1: 6 | AS1: 9 | AT1: 12 | AU1: 3 | AV1: 6 | AW1: 9 | AX1: 11 | AY1: 12 | AZ1: 1 | BA1: 3 | BB1: 4 | BC1: 5 | BD1: 6 | BE1: 7 | BF1: 8 | BG1: 9 | BH1: 10 | BI1: 11 | BJ1: 12 | BK1: 1 | BL1: 2 | BM1: 3 | BN1: 4 | BO1: 5 | BP1: 6 | BQ1: 7 | BR1: 8 | BS1: 9 | BT1: 10 | BU1: 11 | BV1: 12 | BW1: 1 | BX1: 2 | BY1: 3 | BZ1: 4 | CA1: 5 | CB1: 6 | CC1: 7 | CD1: 8 | CE1: 9 | CF1: 10 | CG1: 11 | CH1: 12 | CI1: 1 | CJ1: 2 | CK1: 3 | CL1: 4 | CM1: 5 | CN1: 6 | CO1: 7 | CP1: 8 | CQ1: 9 | CR1: 10 | CS1: 11 | CT1: 12 | CU1: 1 | CV1: 2 | CW1: 3 | CX1: 4 | CY1: 5 | CZ1: 6
A2: year | B2: 2001 | C2: 2001 | D2: 2001 | E2: 2001 | F2: 2002 | G2: 2002 | H2: 2002 | I2: 2002 | J2: 2003 | K2: 2003 | L2: 2003 | M2: 2003 | N2: 2004 | O2: 2004 | P2: 2004 | Q2: 2004 | R2: 2005 | S2: 2005 | T2: 2005 | U2: 2005 | V2: 2006 | W2: 2006 | X2: 2006 | Y2: 2006 | Z2: 2007 | AA2: 2007 | AB2: 2007 | AC2: 2007 | AD2: 2008 | AE2: 2008 | AF2: 2008 | AG2: 2008 | AH2: 2009 | AI2: 2010 | AJ2: 2011 | AK2: 2012 | AL2: 2013 | AM2: 2014 | AN2: 2015 | AO2: 2016 | AP2: 2017 | AQ2: 2018 | AR2: 2018 | AS2: 2018 | AT2: 2018 | AU2: 2019 | AV2: 2019 | AW2: 2019 | AX2: 2019 | AY2: 2019 | AZ2: 2020 | BA2: 2020 | BB2: 2020 | BC2: 2020 | BD2: 2020 | BE2: 2020 | BF2: 2020 | BG2: 2020 | BH2: 2020 | BI2: 2020 | BJ2: 2020 | BK2: 2021 | BL2: 2021 | BM2: 2021 | BN2: 2021 | BO2: 2021 | BP2: 2021 | BQ2: 2021 | BR2: 2021 | BS2: 2021 | BT2: 2021 | BU2: 2021 | BV2: 2021 | BW2: 2022 | BX2: 2022 | BY2: 2022 | BZ2: 2022 | CA2: 2022 | CB2: 2022 | CC2: 2022 | CD2: 2022 | CE2: 2022 | CF2: 2022 | CG2: 2022 | CH2: 2022 | CI2: 2023 | CJ2: 2023 | CK2: 2023 | CL2: 2023 | CM2: 2023 | CN2: 2023 | CO2: 2023 | CP2: 2023 | CQ2: 2023 | CR2: 2023 | CS2: 2023 | CT2: 2023 | CU2: 2024 | CV2: 2024 | CW2: 2024 | CX2: 2024 | CY2: 2024 | CZ2: 2024
A3: non_residents | B3: 9213 | C3: 9569 | D3: 10610 | E3: 10045 | F3: 11045 | G3: 11586 | H3: 11132 | I3: 11403 | J3: 11876 | K3: 11007 | L3: 11121 | M3: 11219 | N3: 11133 | O3: 11691 | P3: 13772 | Q3: 13553 | R3: 15718 | S3: 20014 | T3: 24993 | U3: 25394 | V3: 30276 | W3: 34039 | X3: 39621 | Y3: 49484 | Z3: 54132 | AA3: 59038 | AB3: 67705 | AC3: 64683 | AD3: 66536 | AE3: 70896 | AF3: 88077 | AG3: 78738 | AH3: 88590 | AI3: 120353 | AJ3: 112422 | AK3: 134097 | AL3: 111767 | AM3: 154000 | AN3: 171492 | AO3: 199050 | AP3: 191677 | AQ3: 189451 | AR3: 190121 | AS3: 205439 | AT3: 213413 | AU3: 208168 | AV3: 196709 | AW3: 189771 | AX3: 204399 | AY3: 221372 | AZ3: 210355 | BA3: 216751 | BB3: 210355 | BC3: 202881 | BD3: 200368 | BE3: 197001 | BF3: 189966 | BG3: 191347 | BH3: 197025 | BI3: 196457 | BJ3: 202443 | BK3: 198152 | BL3: 201164 | BM3: 203514 | BN3: 211178 | BO3: 214440 | BP3: 225711 | BQ3: 230997 | BR3: 234491 | BS3: 243156 | BT3: 238979 | BU3: 229747 | BV3: 230994 | BW3: 220481 | BX3: 217490 | BY3: 214802 | BZ3: 246536 | CA3: 243500 | CB3: 248384 | CC3: 256283 | CD3: 238251 | CE3: 228614 | CF3: 238313 | CG3: 223537 | CH3: 212530 | CI3: 212859 | CJ3: 208716 | CK3: 213355 | CL3: 215440 | CM3: 239303 | CN3: 211148 | CO3: 202966 | CP3: 211360 | CQ3: 190100 | CR3: 204134 | CS3: 185134 | CT3: 202047 | CU3: 197897 | CV3: 207669 | CW3: 220931 | CX3: 214424 | CY3: 204650 | CZ3: 221821.5
A4: non_res_corporate | B4: NA | C4: NA | D4: NA | E4: NA | F4: NA | G4: NA | H4: NA | I4: NA | J4: NA | K4: NA | L4: NA | M4: NA | N4: NA | O4: NA | P4: NA | Q4: NA | R4: NA | S4: NA | T4: NA | U4: NA | V4: NA | W4: NA | X4: NA | Y4: NA | Z4: NA | AA4: NA | AB4: NA | AC4: NA | AD4: NA | AE4: NA | AF4: NA | AG4: NA | AH4: NA | AI4: NA | AJ4: NA | AK4: NA | AL4: NA | AM4: NA | AN4: 72807 | AO4: 88352 | AP4: 88310 | AQ4: 79909 | AR4: 80202 | AS4: 86543 | AT4: 91889 | AU4: 85899 | AV4: 88662 | AW4: 85012 | AX4: 84337 | AY4: 87964 | AZ4: 83172 | BA4: 91844 | BB4: 85242 | BC4: 83790 | BD4: 73495 | BE4: 73140 | BF4: 74433 | BG4: 73341 | BH4: 70632 | BI4: 71651 | BJ4: 72250 | BK4: 69773 | BL4: 69780 | BM4: 69533 | BN4: 72724 | BO4: 78506 | BP4: 80330 | BQ4: 79866 | BR4: 82086 | BS4: 82932 | BT4: 83026 | BU4: 81287 | BV4: 82170 | BW4: 88124 | BX4: 86540 | BY4: 92340 | BZ4: 120726 | CA4: 123118 | CB4: 138302 | CC4: 138693 | CD4: 122263 | CE4: 119744 | CF4: 132719 | CG4: 116203 | CH4: 103101 | CI4: 103291 | CJ4: 101881 | CK4: 107722 | CL4: 104053 | CM4: 137011 | CN4: 111929 | CO4: 95515 | CP4: 103479 | CQ4: 105083 | CR4: 119142 | CS4: 109572 | CT4: 110387 | CU4: 103281 | CV4: 106829 | CW4: 117576 | CX4: 108766 | CY4: 103087 | CZ4: 112305.8
A5: non_res_non_banking_fin_insti | B5: NA | C5: NA | D5: NA | E5: NA | F5: NA | G5: NA | H5: NA | I5: NA | J5: NA | K5: NA | L5: NA | M5: NA | N5: NA | O5: NA | P5: NA | Q5: NA | R5: NA | S5: NA | T5: NA | U5: NA | V5: NA | W5: NA | X5: NA | Y5: NA | Z5: NA | AA5: NA | AB5: NA | AC5: NA | AD5: NA | AE5: NA | AF5: NA | AG5: NA | AH5: NA | AI5: NA | AJ5: NA | AK5: NA | AL5: NA | AM5: NA | AN5: 57606 | AO5: 70150 | AP5: 66096 | AQ5: 70078 | AR5: 64645 | AS5: 71618 | AT5: 68637 | AU5: 67963 | AV5: 63053 | AW5: 61608 | AX5: 75532 | AY5: 84026 | AZ5: 76157 | BA5: 79707 | BB5: 80699 | BC5: 78314 | BD5: 75382 | BE5: 71597 | BF5: 73210 | BG5: 71676 | BH5: 82847 | BI5: 80767 | BJ5: 84421 | BK5: 79678 | BL5: 78332 | BM5: 86340 | BN5: 83376 | BO5: 83623 | BP5: 81501 | BQ5: 86415 | BR5: 91963 | BS5: 97606 | BT5: 94926 | BU5: 90043 | BV5: 86020 | BW5: 71720 | BX5: 64537 | BY5: 63642 | BZ5: 58035 | CA5: 52110 | CB5: 49497 | CC5: 49635 | CD5: 44690 | CE5: 40588 | CF5: 41779 | CG5: 40565 | CH5: 41171 | CI5: 39496 | CJ5: 38922 | CK5: 37317 | CL5: 39912 | CM5: 36666 | CN5: 35833 | CO5: 39800 | CP5: 38551 | CQ5: 30326 | CR5: 28249 | CS5: 22889 | CT5: 23766 | CU5: 24220 | CV5: 24065 | CW5: 27514 | CX5: 27724 | CY5: 33250 | CZ5: 36024.8
A6: non_res_individuals | B6: NA | C6: NA | D6: NA | E6: NA | F6: NA | G6: NA | H6: NA | I6: NA | J6: NA | K6: NA | L6: NA | M6: NA | N6: NA | O6: NA | P6: NA | Q6: NA | R6: NA | S6: NA | T6: NA | U6: NA | V6: NA | W6: NA | X6: NA | Y6: NA | Z6: NA | AA6: NA | AB6: NA | AC6: NA | AD6: NA | AE6: NA | AF6: NA | AG6: NA | AH6: NA | AI6: NA | AJ6: NA | AK6: NA | AL6: NA | AM6: NA | AN6: 27492 | AO6: 28084 | AP6: 26497 | AQ6: 25680 | AR6: 24937 | AS6: 24951 | AT6: 25932 | AU6: 25920 | AV6: 25413 | AW6: 24876 | AX6: 25187 | AY6: 24867 | AZ6: 24547 | BA6: 23952 | BB6: 23631 | BC6: 23880 | BD6: 23781 | BE6: 24188 | BF6: 24347 | BG6: 24382 | BH6: 24454 | BI6: 24417 | BJ6: 24604 | BK6: 24754 | BL6: 25097 | BM6: 24881 | BN6: 24990 | BO6: 25056 | BP6: 24638 | BQ6: 24814 | BR6: 24899 | BS6: 25665 | BT6: 25273 | BU6: 26656 | BV6: 26261 | BW6: 26067 | BX6: 26624 | BY6: 27377 | BZ6: 28121 | CA6: 29340 | CB6: 29372 | CC6: 30136 | CD6: 30543 | CE6: 31077 | CF6: 32008 | CG6: 33110 | CH6: 33475 | CI6: 34226 | CJ6: 33627 | CK6: 35104 | CL6: 37019 | CM6: 36873 | CN6: 37930 | CO6: 37255 | CP6: 37275 | CQ6: 37683 | CR6: 39027 | CS6: 38450 | CT6: 38960 | CU6: 39446 | CV6: 39093 | CW6: 39130 | CX6: 38880 | CY6: 39488 | CZ6: 40392.2
A7: non_res_gov_and_non_comm_ent | B7: NA | C7: NA | D7: NA | E7: NA | F7: NA | G7: NA | H7: NA | I7: NA | J7: NA | K7: NA | L7: NA | M7: NA | N7: NA | O7: NA | P7: NA | Q7: NA | R7: NA | S7: NA | T7: NA | U7: NA | V7: NA | W7: NA | X7: NA | Y7: NA | Z7: NA | AA7: NA | AB7: NA | AC7: NA | AD7: NA | AE7: NA | AF7: NA | AG7: NA | AH7: NA | AI7: NA | AJ7: NA | AK7: NA | AL7: NA | AM7: NA | AN7: 13587 | AO7: 12464 | AP7: 10774 | AQ7: 13784 | AR7: 20337 | AS7: 22327 | AT7: 26955 | AU7: 28386 | AV7: 19581 | AW7: 18275 | AX7: 19343 | AY7: 24515 | AZ7: 26479 | BA7: 21248 | BB7: 20783 | BC7: 16897 | BD7: 27710 | BE7: 28076 | BF7: 17976 | BG7: 21948 | BH7: 19092 | BI7: 19622 | BJ7: 21168 | BK7: 23947 | BL7: 27955 | BM7: 22760 | BN7: 30088 | BO7: 27255 | BP7: 39242 | BQ7: 39902 | BR7: 35543 | BS7: 36953 | BT7: 35754 | BU7: 31761 | BV7: 36543 | BW7: 34570 | BX7: 39789 | BY7: 31443 | BZ7: 39654 | CA7: 38932 | CB7: 31213 | CC7: 37819 | CD7: 40755 | CE7: 37205 | CF7: 31807 | CG7: 33659 | CH7: 34783 | CI7: 35846 | CJ7: 34286 | CK7: 33212 | CL7: 34456 | CM7: 28753 | CN7: 25456 | CO7: 30396 | CP7: 32055 | CQ7: 17008 | CR7: 17716 | CS7: 14223 | CT7: 28934 | CU7: 30950 | CV7: 37682 | CW7: 36711 | CX7: 39054 | CY7: 28825 | CZ7: 33098.7
A8: non_res_old_gov_and_dipl_missions | B8: 519 | C8: 484 | D8: 895 | E8: 686 | F8: 1080 | G8: 901 | H8: 872 | I8: 906 | J8: 1013 | K8: 887 | L8: 1052 | M8: 980 | N8: 906 | O8: 695 | P8: 1088 | Q8: 995 | R8: 712 | S8: 590 | T8: 771 | U8: 1583 | V8: 1581 | W8: 1550 | X8: 1954 | Y8: 3311 | Z8: 4345 | AA8: 4868 | AB8: 4642 | AC8: 6057 | AD8: 6361 | AE8: 5101 | AF8: 2714 | AG8: 5314 | AH8: 11439 | AI8: 6877 | AJ8: 7662 | AK8: 9204 | AL8: 4231 | AM8: NA | AN8: NA | AO8: NA | AP8: NA | AQ8: NA | AR8: NA | AS8: NA | AT8: NA | AU8: NA | AV8: NA | AW8: NA | AX8: NA | AY8: NA | AZ8: NA | BA8: NA | BB8: NA | BC8: NA | BD8: NA | BE8: NA | BF8: NA | BG8: NA | BH8: NA | BI8: NA | BJ8: NA | BK8: NA | BL8: NA | BM8: NA | BN8: NA | BO8: NA | BP8: NA | BQ8: NA | BR8: NA | BS8: NA | BT8: NA | BU8: NA | BV8: NA | BW8: NA | BX8: NA | BY8: NA | BZ8: NA | CA8: NA | CB8: NA | CC8: NA | CD8: NA | CE8: NA | CF8: NA | CG8: NA | CH8: NA | CI8: NA | CJ8: NA | CK8: NA | CL8: NA | CM8: NA | CN8: NA | CO8: NA | CP8: NA | CQ8: NA | CR8: NA | CS8: NA | CT8: NA | CU8: NA | CV8: NA | CW8: NA | CX8: NA | CY8: NA | CZ8: NA
A9: non_res_old_financial_institutions | B9: 708 | C9: 848 | D9: 1564 | E9: 1485 | F9: 1553 | G9: 2603 | H9: 1806 | I9: 1598 | J9: 1550 | K9: 983 | L9: 637 | M9: 805 | N9: 606 | O9: 749 | P9: 1279 | Q9: 1284 | R9: 1652 | S9: 1879 | T9: 3657 | U9: 4834 | V9: 7072 | W9: 5196 | X9: 5322 | Y9: 8630 | Z9: 7530 | AA9: 8243 | AB9: 13832 | AC9: 14289 | AD9: 7319 | AE9: 11424 | AF9: 18339 | AG9: 15591 | AH9: 33426 | AI9: 48378 | AJ9: 37159 | AK9: 47951 | AL9: 35828 | AM9: NA | AN9: NA | AO9: NA | AP9: NA | AQ9: NA | AR9: NA | AS9: NA | AT9: NA | AU9: NA | AV9: NA | AW9: NA | AX9: NA | AY9: NA | AZ9: NA | BA9: NA | BB9: NA | BC9: NA | BD9: NA | BE9: NA | BF9: NA | BG9: NA | BH9: NA | BI9: NA | BJ9: NA | BK9: NA | BL9: NA | BM9: NA | BN9: NA | BO9: NA | BP9: NA | BQ9: NA | BR9: NA | BS9: NA | BT9: NA | BU9: NA | BV9: NA | BW9: NA | BX9: NA | BY9: NA | BZ9: NA | CA9: NA | CB9: NA | CC9: NA | CD9: NA | CE9: NA | CF9: NA | CG9: NA | CH9: NA | CI9: NA | CJ9: NA | CK9: NA | CL9: NA | CM9: NA | CN9: NA | CO9: NA | CP9: NA | CQ9: NA | CR9: NA | CS9: NA | CT9: NA | CU9: NA | CV9: NA | CW9: NA | CX9: NA | CY9: NA | CZ9: NA
A10: non_res_old_business_industry | B10: 2615 | C10: 2602 | D10: 2579 | E10: 2503 | F10: 3373 | G10: 2930 | H10: 3087 | I10: 3525 | J10: 3880 | K10: 3655 | L10: 3726 | M10: 3563 | N10: 3764 | O10: 4274 | P10: 5285 | Q10: 4715 | R10: 5026 | S10: 8201 | T10: 10203 | U10: 8849 | V10: 10117 | W10: 13888 | X10: 13846 | Y10: 15720 | Z10: 14999 | AA10: 17388 | AB10: 18354 | AC10: 18780 | AD10: 18632 | AE10: 24007 | AF10: 27830 | AG10: 28580 | AH10: 22980 | AI10: 38322 | AJ10: 38400 | AK10: 38077 | AL10: 49337 | AM10: NA | AN10: NA | AO10: NA | AP10: NA | AQ10: NA | AR10: NA | AS10: NA | AT10: NA | AU10: NA | AV10: NA | AW10: NA | AX10: NA | AY10: NA | AZ10: NA | BA10: NA | BB10: NA | BC10: NA | BD10: NA | BE10: NA | BF10: NA | BG10: NA | BH10: NA | BI10: NA | BJ10: NA | BK10: NA | BL10: NA | BM10: NA | BN10: NA | BO10: NA | BP10: NA | BQ10: NA | BR10: NA | BS10: NA | BT10: NA | BU10: NA | BV10: NA | BW10: NA | BX10: NA | BY10: NA | BZ10: NA | CA10: NA | CB10: NA | CC10: NA | CD10: NA | CE10: NA | CF10: NA | CG10: NA | CH10: NA | CI10: NA | CJ10: NA | CK10: NA | CL10: NA | CM10: NA | CN10: NA | CO10: NA | CP10: NA | CQ10: NA | CR10: NA | CS10: NA | CT10: NA | CU10: NA | CV10: NA | CW10: NA | CX10: NA | CY10: NA | CZ10: NA
A11: non_res_old_individuals_others | B11: 5371 | C11: 5635 | D11: 5572 | E11: 5371 | F11: 5039 | G11: 5152 | H11: 5367 | I11: 5374 | J11: 5433 | K11: 5482 | L11: 5706 | M11: 5871 | N11: 5857 | O11: 5973 | P11: 6120 | Q11: 6559 | R11: 8328 | S11: 9344 | T11: 10362 | U11: 10128 | V11: 11506 | W11: 13405 | X11: 18499 | Y11: 21823 | Z11: 27258 | AA11: 28539 | AB11: 30877 | AC11: 25557 | AD11: 34224 | AE11: 30364 | AF11: 39194 | AG11: 29253 | AH11: 20745 | AI11: 26776 | AJ11: 29201 | AK11: 38865 | AL11: 22371 | AM11: NA | AN11: NA | AO11: NA | AP11: NA | AQ11: NA | AR11: NA | AS11: NA | AT11: NA | AU11: NA | AV11: NA | AW11: NA | AX11: NA | AY11: NA | AZ11: NA | BA11: NA | BB11: NA | BC11: NA | BD11: NA | BE11: NA | BF11: NA | BG11: NA | BH11: NA | BI11: NA | BJ11: NA | BK11: NA | BL11: NA | BM11: NA | BN11: NA | BO11: NA | BP11: NA | BQ11: NA | BR11: NA | BS11: NA | BT11: NA | BU11: NA | BV11: NA | BW11: NA | BX11: NA | BY11: NA | BZ11: NA | CA11: NA | CB11: NA | CC11: NA | CD11: NA | CE11: NA | CF11: NA | CG11: NA | CH11: NA | CI11: NA | CJ11: NA | CK11: NA | CL11: NA | CM11: NA | CN11: NA | CO11: NA | CP11: NA | CQ11: NA | CR11: NA | CS11: NA | CT11: NA | CU11: NA | CV11: NA | CW11: NA | CX11: NA | CY11: NA | CZ11: NA
A12: total_deposits | B12: 174405 | C12: 179666 | D12: 181488 | E12: 182894 | F12: 188599 | G12: 193182 | H12: 198319 | I12: 209647 | J12: 210529 | K12: 213268 | L12: 224427 | M12: 232792 | N12: 247844 | O12: 253726 | P12: 268460 | Q12: 290504 | R12: 309448 | S12: 341702 | T12: 373675 | U12: 409669 | V12: 428616 | W12: 438307 | X12: 473301 | Y12: 518806 | Z12: 555608 | AA12: 620692 | AB12: 651494 | AC12: 716021 | AD12: 769547 | AE12: 833919 | AF12: 867138 | AG12: 912170 | AH12: 982579 | AI12: 1049628 | AJ12: 1069750 | AK12: 1167797 | AL12: 1277028 | AM12: 1421300 | AN12: 1471618 | AO12: 1562949 | AP12: 1627277 | AQ12: 1662443 | AR12: 1684314 | AS12: 1728300 | AT12: 1755650 | AU12: 1748047 | AV12: 1774317 | AW12: 1801933 | AX12: 1819616 | AY12: 1870184 | AZ12: 1826293 | BA12: 1851917 | BB12: 1872123 | BC12: 1865415 | BD12: 1866132 | BE12: 1887301 | BF12: 1898897 | BG12: 1907152 | BH12: 1910623 | BI12: 1876126 | BJ12: 1884545 | BK12: 1876162 | BL12: 1878270 | BM12: 1881268 | BN12: 1877285 | BO12: 1874595 | BP12: 1908655 | BQ12: 1915117 | BR12: 1928681 | BS12: 1942326 | BT12: 1967269 | BU12: 1966985 | BV12: 1996527 | BW12: 1982385 | BX12: 1988354 | BY12: 2006237 | BZ12: 2008352 | CA12: 2040531 | CB12: 2091833 | CC12: 2132904 | CD12: 2166611 | CE12: 2186962 | CF12: 2204710 | CG12: 2239297 | CH12: 2222226 | CI12: 2242390 | CJ12: 2233095 | CK12: 2305909 | CL12: 2350934 | CM12: 2405785 | CN12: 2381999 | CO12: 2392981 | CP12: 2403314 | CQ12: 2420871 | CR12: 2455350 | CS12: 2444467 | CT12: 2521902 | CU12: 2539885 | CV12: 2608073 | CW12: 2657279 | CX12: 2717428 | CY12: 2678289 | CZ12: 2692569.8
A13: old_category | B13: 1 | C13: 1 | D13: 1 | E13: 1 | F13: 1 | G13: 1 | H13: 1 | I13: 1 | J13: 1 | K13: 1 | L13: 1 | M13: 1 | N13: 1 | O13: 1 | P13: 1 | Q13: 1 | R13: 1 | S13: 1 | T13: 1 | U13: 1 | V13: 1 | W13: 1 | X13: 1 | Y13: 1 | Z13: 1 | AA13: 1 | AB13: 1 | AC13: 1 | AD13: 1 | AE13: 1 | AF13: 1 | AG13: 1 | AH13: 1 | AI13: 1 | AJ13: 1 | AK13: 1 | AL13: 1 | AM13: NA | AN13: 0 | AO13: 0 | AP13: 0 | AQ13: 0 | AR13: 0 | AS13: 0 | AT13: 0 | AU13: 0 | AV13: 0 | AW13: 0 | AX13: 0 | AY13: 0 | AZ13: 0 | BA13: 0 | BB13: 0 | BC13: 0 | BD13: 0 | BE13: 0 | BF13: 0 | BG13: 0 | BH13: 0 | BI13: 0 | BJ13: 0 | BK13: 0 | BL13: 0 | BM13: 0 | BN13: 0 | BO13: 0 | BP13: 0 | BQ13: 0 | BR13: 0 | BS13: 0 | BT13: 0 | BU13: 0 | BV13: 0 | BW13: 0 | BX13: 0 | BY13: 0 | BZ13: 0 | CA13: 0 | CB13: 0 | CC13: 0 | CD13: 0 | CE13: 0 | CF13: 0 | CG13: 0 | CH13: 0 | CI13: 0 | CJ13: 0 | CK13: 0 | CL13: 0 | CM13: 0 | CN13: 0 | CO13: 0 | CP13: 0 | CQ13: 0 | CR13: 0 | CS13: 0 | CT13: 0 | CU13: 0 | CV13: 0 | CW13: 0 | CX13: 0 | CY13: 0 | CZ13: 0
B15: =+SUM(B4:B11)=B3 -> TRUE | C15: =+SUM(C4:C11)=C3 -> TRUE | D15: =+SUM(D4:D11)=D3 -> TRUE | E15: =+SUM(E4:E11)=E3 -> TRUE | F15: =+SUM(F4:F11)=F3 -> TRUE | G15: =+SUM(G4:G11)=G3 -> TRUE | H15: =+SUM(H4:H11)=H3 -> TRUE | I15: =+SUM(I4:I11)=I3 -> TRUE | ... CZ15: =+SUM(CZ4:CZ11)=CZ3 -> TRUE

Sheet merge_pivot
A1: month | B1: year | C1: non_residents | D1: non_res_corporate | E1: non_res_nonbankfininsti | F1: non_res_individuals | G1: non_res_govnoncom | H1: non_res_old_govdipl | I1: non_res_old_fininst | J1: non_res_old_busiind | K1: non_res_old_indivothers | L1: total_deposits | M1: old_category
A2: 3 | B2: 2001 | C2: 9213 | H2: 519 | I2: 708 | J2: 2615 | K2: 5371 | L2: 174405 | M2: 1
A3: 6 | B3: 2001 | C3: 9569 | H3: 484 | I3: 848 | J3: 2602 | K3: 5635 | L3: 179666 | M3: 1
A4: 9 | B4: 2001 | C4: 10610 | H4: 895 | I4: 1564 | J4: 2579 | K4: 5572 | L4: 181488 | M4: 1
A5: 12 | B5: 2001 | C5: 10045 | H5: 686 | I5: 1485 | J5: 2503 | K5: 5371 | L5: 182894 | M5: 1
A6: 3 | B6: 2002 | C6: 11045 | H6: 1080 | I6: 1553 | J6: 3373 | K6: 5039 | L6: 188599 | M6: 1
A7: 6 | B7: 2002 | C7: 11586 | H7: 901 | I7: 2603 | J7: 2930 | K7: 5152 | L7: 193182 | M7: 1
A8: 9 | B8: 2002 | C8: 11132 | H8: 872 | I8: 1806 | J8: 3087 | K8: 5367 | L8: 198319 | M8: 1
A9: 12 | B9: 2002 | C9: 11403 | H9: 906 | I9: 1598 | J9: 3525 | K9: 5374 | L9: 209647 | M9: 1
A10: 3 | B10: 2003 | C10: 11876 | H10: 1013 | I10: 1550 | J10: 3880 | K10: 5433 | L10: 210529 | M10: 1
A11: 6 | B11: 2003 | C11: 11007 | H11: 887 | I11: 983 | J11: 3655 | K11: 5482 | L11: 213268 | M11: 1
A12: 9 | B12: 2003 | C12: 11121 | H12: 1052 | I12: 637 | J12: 3726 | K12: 5706 | L12: 224427 | M12: 1
A13: 12 | B13: 2003 | C13: 11219 | H13: 980 | I13: 805 | J13: 3563 | K13: 5871 | L13: 232792 | M13: 1
... A38: 12 | B38: 2013 | C38: 111767 | H38: 4231 | I38: 35828 | J38: 49337 | K38: 22371 | L38: 1277028 | M38: 1
A39: 12 | B39: 2014 | C39: 154000 | L39: 1421300
A40: 12 | B40: 2015 | C40: 171492 | D40: 72807 | E40: 57606 | F40: 27492 | G40: 13587 | L40: 1471618 | M40: 0
A41: 12 | B41: 2016 | C41: 199050 | D41: 88352 | E41: 70150 | F41: 28084 | G41: 12464 | L41: 1562949 | M41: 0
A42: 12 | B42: 2017 | C42: 191677 | D42: 88310 | E42: 66096 | F42: 26497 | G42: 10774 | L42: 1627277 | M42: 0
A43: 3 | B43: 2018 | C43: 189451 | D43: 79909 | E43: 70078 | F43: 25680 | G43: 13784 | L43: 1662443 | M43: 0
A44: 6 | B44: 2018 | C44: 190121 | D44: 80202 | E44: 64645 | F44: 24937 | G44: 20337 | L44: 1684314 | M44: 0
A45: 9 | B45: 2018 | C45: 205439 | D45: 86543 | E45: 71618 | F45: 24951 | G45: 22327 | L45: 1728300 | M45: 0
A46: 12 | B46: 2018 | C46: 213413 | D46: 91889 | E46: 68637 | F46: 25932 | G46: 26955 | L46: 1755650 | M46: 0
A47: 3 | B47: 2019 | C47: 208168 | D47: 85899 | E47: 67963 | F47: 25920 | G47: 28386 | L47: 1748047 | M47: 0
A48: 6 | B48: 2019 | C48: 196709 | D48: 88662 | E48: 63053 | F48: 25413 | G48: 19581 | L48: 1774317 | M48: 0
A49: 9 | B49: 2019 | C49: 189771 | D49: 85012 | E49: 61608 | F49: 24876 | G49: 18275 | L49: 1801933 | M49: 0
A50: 11 | B50: 2019 | C50: 204399 | D50: 84337 | E50: 75532 | F50: 25187 | G50: 19343 | L50: 1819616 | M50: 0
A51: 12 | B51: 2019 | C51: 221372 | D51: 87964 | E51: 84026 | F51: 24867 | G51: 24515 | L51: 1870184 | M51: 0
... A104: 6 | B104: 2024 | C104: 221821.5 | D104: 112305.8 | E104: 36024.8 | F104: 40392.2 | G104: 33098.7 | L104: 2692569.8 | M104: 0
